<?xml version="1.0" encoding="UTF-8"?>
<project-private xmlns="http://www.netbeans.org/ns/project-private/1">
    <editor-bookmarks xmlns="http://www.netbeans.org/ns/editor-bookmarks/2" lastBookmarkId="0"/>
    <open-files xmlns="http://www.netbeans.org/ns/projectui-open-files/2">
        <group>
            <file>file:/C:/komal/PROJECTS/dbms%20project/Payroll-System/src/conn.java</file>
            <file>file:/C:/komal/PROJECTS/dbms%20project/Payroll-System/src/db.sql</file>
            <file>file:/C:/komal/PROJECTS/dbms%20project/Payroll-System/src/Update_salary.java</file>
            <file>file:/C:/komal/PROJECTS/dbms%20project/Payroll-System/src/Update_employee.java</file>
        </group>
    </open-files>
</project-private>
